{
  "summary": [
    {
      "mode": "Remoto",
      "n": 6252,
      "median": 91013,
      "q1": 48892,
      "q3": 150000,
      "min": 1000,
      "max": 500000,
      "mean": 105506.72680742163
    },
    {
      "mode": "Flexible",
      "n": 2255,
      "median": 77601,
      "q1": 48884,
      "q3": 111374,
      "min": 1085,
      "max": 500000,
      "mean": 88206.29268292683
    },
    {
      "mode": "Híbrido",
      "n": 6671,
      "median": 77760,
      "q1": 48726,
      "q3": 116015,
      "min": 1018,
      "max": 500000,
      "mean": 90106.18408034777
    },
    {
      "mode": "Presencial",
      "n": 2328,
      "median": 49705.5,
      "q1": 19497.5,
      "q3": 94745.5,
      "min": 1019,
      "max": 500000,
      "mean": 70015.33032646048
    }
  ]
}